<?xml version="1.0" encoding="UTF-8"?>
<!--
    This example describes Oslo S station and contains following elements:
    - StopPlace for bus and tram in front of Oslo S
    - StopPlace for bus between Oslo S and Oslo City
    - StopPlace for tram near TGI Fridays
    - StopPlace for TBane
    - StopPlace for train with several platforms, assigned to trains and airport express trains (not all platforms are included in this example)
    
# NB: Example is general and NOT according to NeTEx profile Norge!

-->
<PublicationDelivery 
  xmlns="http://www.netex.org.uk/netex" 
  xmlns:siri="http://www.siri.org.uk/siri" 
  xmlns:gml="http://www.opengis.net/gml/3.2" 
  xmlns:core="http://www.govtalk.gov.uk/core" 
  xmlns:xlink="http://www.w3.org/1999/xlink"
  xmlns:ifopt="http://www.ifopt.org.uk/ifopt" 
  xmlns:xsi="http://www.w3.org/2001/XMLSchema-instance">

    <PublicationTimestamp>2016-04-20T14:22:14Z</PublicationTimestamp>
    <ParticipantRef>Rutebanken</ParticipantRef>
    
    <dataObjects>
        <CompositeFrame id="NSR:CompositeFrame:nhr" created="2015-11-21T11:50:51" dataSourceRef="NSR:DataSource:nhr" version="1">
            <Description>Composite frame that unites ResourceFrame and SiteFrame in order to spesify some shared values like version, creation date and codespaces</Description>

            <codespaces>
                <Codespace id="nhr">
                    <Xmlns>NHR</Xmlns>
                    <XmlnsUrl>http://www.rutebanken.no/nasjonltholdeplassregister</XmlnsUrl>
                </Codespace>
            </codespaces>
            <FrameDefaults>
                <DefaultLocale>
                    <DefaultLanguage>no</DefaultLanguage>
                </DefaultLocale>
            </FrameDefaults>
            <frames>
                <ResourceFrame id="NSR:ResourceFrame:rf" version="1">
                    <dataSources>
                        <DataSource id="NSR:DataSource:nhr" version="1">
                            <Name>Rutebanken / Nasjonalt holdeplassregister</Name>
                        </DataSource>
                    </dataSources>
                    <organisations>
                        <Authority id="Authority:0" version="1">
                            <CompanyNumber>000000000</CompanyNumber>
                            <Name>Rutebanken</Name>
                            <LegalName>RUTEBANKEN AS</LegalName>
                            <ContactDetails>
                                <Email>nhr@rutebanken.no</Email>
                                <Phone>004712345678</Phone>
                                <Url>http://www.rutebanen.no/nhr</Url>
                            </ContactDetails>
                            <OrganisationType>authority</OrganisationType>
                            <!-- TODO responsibilityRef Ruter har ansvaret for endel holdeplasser her -->
                        </Authority>
                    </organisations>
                </ResourceFrame>
                <SiteFrame id="NSR:SiteFrame:1" version="1">
                    <stopPlaces>
                        <!-- Monomodal stop place for bus in front of Oslo S -->
                        <StopPlace id="NSR:StopPlace:1" version="1">
                            <Name>Jernbanetorget</Name>
                            <Description>Foran Oslo S</Description>
                            <Centroid>
                                <Location>
                                    <Longitude>59.9117492</Longitude>
                                    <Latitude>10.749849</Latitude>
                                </Location>
                            </Centroid>

                            <!-- What kind of accessibility limitations are present -->
                            <AccessibilityAssessment id="NSR:AccessibilityAssessment:1" version="1">
                                <MobilityImpairedAccess>true</MobilityImpairedAccess>
                            </AccessibilityAssessment>
                            <Covered>outdoors</Covered>
                            <Gated>openArea</Gated>
                            <!-- What kind of facilities are available -->
                            <!-- TODO -->
                            <facilities>
                                <SiteFacilitySetRef ref="sfs:1"/>
                            </facilities>


                            <ParentSiteRef ref="NSR:StopPlace:3"/>

                            <TransportMode>bus</TransportMode>
                            <BusSubmode>localBus</BusSubmode>
                            <StopPlaceType>onstreetBus</StopPlaceType>

                            <quays>
                                <Quay id="NSR:Quay:1" version="1">
                                    <Description>Strandgata retning nord</Description>
                                    <Centroid>
                                        <Location>
                                            <Longitude>59.9117492</Longitude>
                                            <Latitude>10.749849</Latitude>
                                        </Location>
                                    </Centroid>
                                    <!-- TODO ta bort? -->
                                    <CompassBearing>120.0</CompassBearing>
                                    <QuayType>busStop</QuayType>
                                </Quay>
                                <Quay id="NSR:Quay:2" version="1">
                                    <Description>Fred Olsens gate retning sør</Description>
                                    <Centroid>
                                        <Location>
                                            <!-- Koordinater ikke korrekt -->
                                            <Longitude>59.9117492</Longitude>
                                            <Latitude>10.749849</Latitude>
                                        </Location>
                                    </Centroid>
                                    <QuayType>busStop</QuayType>
                                </Quay>
                            </quays>
                        </StopPlace>


                        <!-- Monomodal stop place for tranway in front of Oslo S -->
                        <StopPlace id="NSR:StopPlace:2" version="1">
                            <Name>Jernbanetorget</Name>
                            <Description>Foran Oslo S</Description>
                            <Centroid>
                                <Location>
                                    <!-- Koordinater ikke korrekt -->
                                    <Longitude>59.9117492</Longitude>
                                    <Latitude>10.749849</Latitude>
                                </Location>
                            </Centroid>

                            <!-- What kind of accessibility limitations are present -->
                            <AccessibilityAssessment id="NSR:AccessibilityAssessment:2" version="1">
                                <MobilityImpairedAccess>true</MobilityImpairedAccess>
                            </AccessibilityAssessment>
                            <Covered>outdoors</Covered>
                            <Gated>openArea</Gated>
                            <!-- What kind of facilities are available -->
                            <!-- TODO -->
                            <facilities>
                                <SiteFacilitySetRef ref="sfs:1"/>
                            </facilities>

                            <ParentSiteRef ref="NSR:StopPlace:3"/>

                            <TransportMode>tram</TransportMode>
                            <TramSubmode>cityTram</TramSubmode>
                            <StopPlaceType>onstreetTram</StopPlaceType>

                            <quays>
                                <Quay id="NSR:Quay:3" version="1">
                                    <Description>Strandgata retning nord</Description>
                                    <Centroid>
                                        <Location>
                                            <!-- Koordinater ikke korrekt -->
                                            <Longitude>59.9117492</Longitude>
                                            <Latitude>10.749849</Latitude>
                                        </Location>
                                    </Centroid>
                                    <!-- TODO ta bort? -->
                                    <CompassBearing>120.0</CompassBearing>
                                    <QuayType>tramPlatform</QuayType>
                                </Quay>
                                <Quay id="NSR:Quay:4" version="1">
                                    <Description>Fred Olsens gate retning sør</Description>
                                    <Centroid>
                                        <Location>
                                            <!-- Koordinater ikke korrekt -->
                                            <Longitude>59.9117492</Longitude>
                                            <Latitude>10.749849</Latitude>
                                        </Location>
                                    </Centroid>
                                    <QuayType>tramPlatform</QuayType>
                                </Quay>
                            </quays>
                        </StopPlace>


                        <!-- Multimodal stop place for bus/tram in front of Oslo S -->
                        <StopPlace id="NSR:StopPlace:3" version="1">
                            <Name>Jernbanetorget</Name>
                            <Description>Foran Oslo S</Description>

                            <Centroid>
                                <Location>
                                    <!-- Koordinater ikke korrekt -->
                                    <Longitude>59.9117492</Longitude>
                                    <Latitude>10.749849</Latitude>
                                </Location>
                            </Centroid>
                            <placeTypes>
                                <TypeOfPlaceRef ref="multimodalStopPlace"/>
                            </placeTypes>
                            <Covered>outdoors</Covered>
                            <Gated>openArea</Gated>
                            <OrganisationRef ref="org:auth:ruter"/>
                            <TransportMode>bus</TransportMode>
                            <OtherTransportModes>tram</OtherTransportModes>
                            <tariffZones>
                                <TariffZoneRef ref="tz:osl:1"/>
                            </tariffZones>
                            <StopPlaceType>other</StopPlaceType>
                        </StopPlace>

                        <!-- Monomodal stop place for bus between Oslo S and Oslo City -->
                        <StopPlace id="sp:osl:4" version="1">
                            <Name lang="no-NO">Jernbanetorget</Name>
                            <Description>Biskop Gunnerus gate mellom Oslo S og Oslo City</Description>
                            <Centroid>
                                <Location>
                                    <!-- Koordinater ikke korrekt -->
                                    <Longitude>59.9117492</Longitude>
                                    <Latitude>10.749849</Latitude>
                                </Location>
                            </Centroid>

                            <placeTypes>
                                <TypeOfPlaceRef ref="monomodalStopPlace"/>
                            </placeTypes>
                            <!-- What kind of accessibility limitations are present -->
                            <AccessibilityAssessment id="NSR:AccessibilityAssessment:3" version="1">
                                <MobilityImpairedAccess>true</MobilityImpairedAccess>
                                <limitations>
                                    <AccessibilityLimitation>
                                        <WheelchairAccess>true</WheelchairAccess>
                                        <StepFreeAccess>true</StepFreeAccess>
                                        <AudibleSignalsAvailable>true</AudibleSignalsAvailable>
                                    </AccessibilityLimitation>
                                </limitations>
                            </AccessibilityAssessment>
                            <Covered>outdoors</Covered>
                            <Gated>openArea</Gated>
                            <!-- What kind of facilities are available -->
                            <facilities>
                                <SiteFacilitySetRef ref="sfs:1"/>
                            </facilities>

                            <TransportMode>bus</TransportMode>
                            <BusSubmode>localBus</BusSubmode>
                            <StopPlaceType>onstreetBus</StopPlaceType>

                            <quays>
                                <Quay id="NSR:Quay:5" version="1">
                                    <Description>Biskop Gunnerus gate v/Oslo S retning øst</Description>
                                    <Centroid>
                                        <Location>
                                            <!-- Koordinater ikke korrekt -->
                                            <Longitude>59.9117492</Longitude>
                                            <Latitude>10.749849</Latitude>
                                        </Location>
                                    </Centroid>
                                    <!-- TODO ta bort? -->
                                    <CompassBearing>120.0</CompassBearing>
                                    <QuayType>busStop</QuayType>
                                </Quay>
                                <Quay id="NSR:Quay:6" version="1">
                                    <Description>Biskop Gunnerus v/Oslo City gate retning vest</Description>
                                    <Centroid>
                                        <Location>
                                            <!-- Koordinater ikke korrekt -->
                                            <Longitude>59.9117492</Longitude>
                                            <Latitude>10.749849</Latitude>
                                        </Location>
                                    </Centroid>
                                    <QuayType>busStop</QuayType>
                                </Quay>
                            </quays>
                        </StopPlace>

                        <!-- Monomodal stop place for tram near TGI Fridays -->
                        <StopPlace id="NSR:StopPlace:6" version="1">
                            <Name lang="no-NO">Jernbanetorget</Name>
                            <Description>Biskop Gunnerus gate ved Europarådets plass</Description>
                            <Centroid>
                                <Location>
                                    <!-- Koordinater ikke korrekt -->
                                    <Longitude>59.9117492</Longitude>
                                    <Latitude>10.749849</Latitude>
                                </Location>
                            </Centroid>

                            <!-- TODO -->
                            <placeTypes>
                                <TypeOfPlaceRef ref="monomodalStopPlace"/>
                            </placeTypes>
                            <!-- What kind of accessibility limitations are present -->
                            <AccessibilityAssessment id="NSR:AccessibilityAssessment:4" version="1">
                                <MobilityImpairedAccess>true</MobilityImpairedAccess>
                                <limitations>
                                    <AccessibilityLimitation>
                                        <WheelchairAccess>true</WheelchairAccess>
                                        <StepFreeAccess>true</StepFreeAccess>
                                    </AccessibilityLimitation>
                                </limitations>
                            </AccessibilityAssessment>
                            <Covered>outdoors</Covered>
                            <Gated>openArea</Gated>
                            <!-- What kind of facilities are available -->
                            <facilities>
                                <SiteFacilitySetRef ref="sfs:1"/>
                            </facilities>

                            <TransportMode>tram</TransportMode>
                            <TramSubmode>localTram</TramSubmode>

                            <StopPlaceType>onstreetTram</StopPlaceType>
                            <quays>
                                <Quay id="NSR:Quay:7" version="1">
                                    <Description>Biskop Gunnerus gate ved Europarådets plass retning øst</Description>
                                    <Centroid>
                                        <Location>
                                            <!-- Koordinater ikke korrekt -->
                                            <Longitude>59.9117492</Longitude>
                                            <Latitude>10.749849</Latitude>
                                        </Location>
                                    </Centroid>
                                    <!-- TODO ta bort? -->
                                    <CompassBearing>120.0</CompassBearing>
                                    <QuayType>tramPlatform</QuayType>
                                </Quay>
                                <Quay id="NSR:Quay:8" version="1">
                                    <Description>Biskop Gunnerus gate ved Europarådets plass retning vest</Description>
                                    <Centroid>
                                        <Location>
                                            <!-- Koordinater ikke korrekt -->
                                            <Longitude>59.9117492</Longitude>
                                            <Latitude>10.749849</Latitude>
                                        </Location>
                                    </Centroid>
                                    <QuayType>tramPlatform</QuayType>
                                </Quay>
                            </quays>
                        </StopPlace>

                        <!-- Monomodal stop place for TBane -->
                        <StopPlace id="NSR:StopPlace:7" version="1">
                            <Name>Jernbanetorget</Name>
                            <Description>T-Bane Oslo S</Description>
                            <Centroid>
                                <Location>
                                    <!-- Koordinater ikke korrekt -->
                                    <Longitude>59.9117492</Longitude>
                                    <Latitude>10.749849</Latitude>
                                </Location>
                            </Centroid>
                            <placeTypes>
                                <TypeOfPlaceRef ref="monomodalStopPlace"/>
                            </placeTypes>
                            <!-- What kind of accessibility limitations are present -->
                            <AccessibilityAssessment id="NSR:AccessibilityAssessment:5" version="1">
                                <MobilityImpairedAccess>true</MobilityImpairedAccess>
                                <limitations>
                                    <AccessibilityLimitation>
                                        <WheelchairAccess>true</WheelchairAccess>
                                        <StepFreeAccess>true</StepFreeAccess>
                                    </AccessibilityLimitation>
                                </limitations>
                            </AccessibilityAssessment>
                            <Covered>indoors</Covered>
                            <Gated>openArea</Gated>
                            <!-- What kind of facilities are available -->
                            <facilities>
                                <SiteFacilitySetRef ref="sfs:1"/>
                            </facilities>

                            <!-- TODO -->
                            <ParentSiteRef ref="sp:osl:3"/>

                            <TransportMode>metro</TransportMode>
                            <MetroSubmode>metro</MetroSubmode>

                            <StopPlaceType>metroStation</StopPlaceType>
                            <quays>
                                <Quay id="NSR:Quay:9" version="1">
                                    <Name>1</Name>
                                    <Description>Retning vest</Description>
                                    <Centroid>
                                        <Location>
                                            <!-- Koordinater ikke korrekt -->
                                            <Longitude>59.9117492</Longitude>
                                            <Latitude>10.749849</Latitude>
                                        </Location>
                                    </Centroid>

                                    <QuayType>metroPlatform</QuayType>
                                </Quay>
                                <Quay id="NSR:Quay:10" version="1">
                                    <Name>2</Name>
                                    <Description>Retning øst</Description>
                                    <Centroid>
                                        <Location>
                                            <!-- Koordinater ikke korrekt -->
                                            <Longitude>59.9117492</Longitude>
                                            <Latitude>10.749849</Latitude>
                                        </Location>
                                    </Centroid>

                                    <QuayType>metroPlatform</QuayType>
                                </Quay>
                            </quays>
                        </StopPlace>
                        <!-- Monomodal stop place for train -->


                        <!-- FORTSETT HERFRA OG NED -->



                        <StopPlace id="NSR:StopPlace:8" version="1">
                            <Name lang="no-NO">Oslo S</Name>

                            <Centroid>
                                <Location>
                                    <!-- Koordinater ikke korrekt -->
                                    <Longitude>59.9117492</Longitude>
                                    <Latitude>10.749849</Latitude>
                                </Location>
                            </Centroid>
                            <placeTypes>
                                <TypeOfPlaceRef ref="monomodalStopPlace"/>
                            </placeTypes>
                            <!-- What kind of accessibility limitations are present -->
                            <AccessibilityAssessment id="NSR:AccessibilityAssessment:6" version="1">
                                <MobilityImpairedAccess>true</MobilityImpairedAccess>
                                <limitations>
                                    <AccessibilityLimitation>
                                        <WheelchairAccess>true</WheelchairAccess>
                                        <StepFreeAccess>true</StepFreeAccess>
                                        <AudibleSignalsAvailable>true</AudibleSignalsAvailable>
                                    </AccessibilityLimitation>
                                </limitations>
                            </AccessibilityAssessment>
                            <Covered>indoors</Covered>
                            <Gated>openArea</Gated>
                            <!-- What kind of facilities are available -->
                            <facilities>
                                <SiteFacilitySetRef ref="sfs:1"/>
                            </facilities>


                            <entrances>
                                <!-- Hovedinngang mot Jernbanetorget -->
                                <StopPlaceEntrance id="NSR:Entrance:1" version="1">
                                    <EntranceType>automaticDoor</EntranceType>
                                    <Width>1.5</Width>
                                    <Height>2.2</Height>
                                </StopPlaceEntrance>
                            </entrances>

                            <TransportMode>rail</TransportMode>
                            <StopPlaceType>railStation</StopPlaceType>


<!-- Example must be updated from here on, still on old dummy values -->

                            <quays>
                                <!-- Spor 1 -->
                                
                               
                                <Quay id="NSR:Quay:100" version="1">
                                    <Centroid>
                                        <Location>
                                            <!-- Koordinater ikke korrekt -->
                                            <Longitude>59.9117492</Longitude>
                                            <Latitude>10.749849</Latitude>
                                        </Location>
                                    </Centroid>
                                    <Covered>covered</Covered>
                                    <QuayType>railPlatform</QuayType>
                                    <boardingPositions>
                                        <BoardingPosition id="NSR:BoardingPosition:1" version="1">
                                            <Label>A</Label>
                                            <BoardingPositionType>positionOnRailPlatform</BoardingPositionType>
                                        </BoardingPosition>
                                        <BoardingPosition id="NSR:BoardingPosition:2" version="1">
                                            <Label>B</Label>
                                            <BoardingPositionType>positionOnRailPlatform</BoardingPositionType>
                                        </BoardingPosition>
                                        <BoardingPosition id="NSR:BoardingPosition:3" version="1">
                                            <Label>C</Label>
                                            <BoardingPositionType>positionOnRailPlatform</BoardingPositionType>
                                        </BoardingPosition>
                                        <BoardingPosition id="NSR:BoardingPosition:4" version="1">
                                            <Label>D</Label>
                                            <BoardingPositionType>positionOnRailPlatform</BoardingPositionType>
                                        </BoardingPosition>
                                        <BoardingPosition id="NSR:BoardingPosition:5" version="1">
                                            <Label>E</Label>
                                            <BoardingPositionType>positionOnRailPlatform</BoardingPositionType>
                                        </BoardingPosition>
                                        <BoardingPosition id="NSR:BoardingPosition:6" version="1">
                                            <Label>F</Label>
                                            <BoardingPositionType>positionOnRailPlatform</BoardingPositionType>
                                        </BoardingPosition>
                                    </boardingPositions>
                                </Quay>


                                <!-- Alle andre spor anses å være identiske (bortsett fra 1-21?), derfor ikke tatt med her -->
                            </quays>
                            <accessSpaces>
                                <!-- Hovedhallen på Oslo S. Etasjer er ikke modellert opp her, men kan gjøres på sikt. Østbanehallen er også utelatt. -->
                                <AccessSpace id="NSR:AccessSpace:1" version="1">
  
                                    <gml:Polygon gml:id="OsloS">
                                        <!-- Omriss av innsiden på Oslo S hovedbanehallen -->
                                        <gml:interior>
                                            <gml:LinearRing>
                                                <gml:pos>10.12 59.383</gml:pos>
                                                <gml:pos>10.11 59.373</gml:pos>
                                                <gml:pos>10.10 59.363</gml:pos>
                                                <gml:pos>10.12 59.343</gml:pos>
                                            </gml:LinearRing>
                                        </gml:interior>
                                    </gml:Polygon>
                                    <PublicUse>all</PublicUse>
                                    <Covered>indoors</Covered>
  
                                    <Lighting>wellLit</Lighting>
                                    <AllAreasWheelchairAccessible>true</AllAreasWheelchairAccessible>
                                    
                                    <!-- ALT. 1 (inkl posisjon) -->
                                    <equipmentPlaces>
                                        <EquipmentPlace id="NSR:EquipmentPlace:1" version="1">
                                            <Centroid>
                                                <Location>
                                                    <!-- Koordinater ikke korrekt -->
                                                    <Longitude>59.9117492</Longitude>
                                                    <Latitude>10.749849</Latitude>
                                                </Location>
                                            </Centroid>
                                            <placeEquipments>
                                                <LocalServiceRef version="1" ref="NSR:LeftLuggageService:1"/>
                                                <TicketingEquipmentRef version="1" ref="NSR:TicketingEquipment:1"/>
                                            </placeEquipments>
                                        </EquipmentPlace>
                                    </equipmentPlaces>
                                    
                                    <!-- ALT. 2 (kun utstyret) -->
                                    <placeEquipments>
                                        <TicketingEquipment id="NSR:TicketingEquipment:1" version="1">
                                            <VehicleModes>rail bus</VehicleModes>
                                            <NumberOfMachines>4</NumberOfMachines>
                                            <TicketingFacilityList>ticketOffice mobileTicketing
                                                ticketMachines</TicketingFacilityList>
                                            <TicketingServiceFacilityList>reservations purchase</TicketingServiceFacilityList>
                                        </TicketingEquipment>
                                    </placeEquipments>
                                    
                                    <localServices>
                                        <LeftLuggageService id="NSR:LeftLuggageService:1" version="1">
                                            <LockerFee>true</LockerFee>
                                        </LeftLuggageService>
                                    </localServices>

                                    <entrances>
                                        <StopPlaceEntranceRef ref="NSR:Entrance:1"/>
                                    </entrances>
                                    <AccessSpaceType>concourse</AccessSpaceType>
                                </AccessSpace>
                            </accessSpaces>
                            <navigationPaths>
                                <NavigationPathRef ref="np:1"/>
                                <NavigationPathRef ref="np:2"/>
                            </navigationPaths>
                        </StopPlace>
                    </stopPlaces>
                    
                    
                    <navigationPaths>
                        <!-- Path between Entrance to Oslo S and platform 1 (spor 1) -->
                        <NavigationPath id="np:1" version="1">
                            <Distance>12.3</Distance>
                            <From>
                                <!-- From Entrance to Oslo S train stop (sp:osl:7) -->
                                <PlaceRef ref="sp:osl:7:entr:1"/>
                            </From>
                            <To>
                                <!-- Train platform - spor 1 -->
                                <PlaceRef ref="q:sp:osl:7:spor1"/>
                            </To>
                            <TransferDuration>
                                <DefaultDuration>PT15M0S</DefaultDuration>
                                <FrequentTravellerDuration>PT4M0S</FrequentTravellerDuration>
                                <OccasionalTravellerDuration>PT6M0S</OccasionalTravellerDuration>
                                <MobilityRestrictedTravellerDuration>PT10M0S</MobilityRestrictedTravellerDuration>
                            </TransferDuration>
                            <AccessFeatureList>escalator concourse travelator</AccessFeatureList>
                            <NavigationType>streetToQuay</NavigationType>
                        </NavigationPath>
                        <!-- Path between Oslo S train station and Oslo S P-hus car parking -->
                        <NavigationPath id="np:2" version="1">
                            <Distance>15.3</Distance>
                            <From>
                                <!-- From Entrance to Oslo S train stop (sp:osl:7) -->
                                <PlaceRef ref="sp:osl:7:entr:1"/>
                            </From>
                            <To>
                                <!-- Car parking -->
                                <PlaceRef ref="par:osl:1"/>
                            </To>
                            <TransferDuration>
                                <DefaultDuration>PT15M0S</DefaultDuration>
                                <FrequentTravellerDuration>PT4M0S</FrequentTravellerDuration>
                                <OccasionalTravellerDuration>PT6M0S</OccasionalTravellerDuration>
                                <MobilityRestrictedTravellerDuration>PT10M0S</MobilityRestrictedTravellerDuration>
                            </TransferDuration>
                            <AccessFeatureList>street</AccessFeatureList>
                            <NavigationType>streetToHall</NavigationType>
                        </NavigationPath>
                    </navigationPaths>
                    
                    <siteFacilitySets>
                        <SiteFacilitySet id="sfs:1" version="1">
                            <AccessibilityInfoFacilityList>largePrintTimetables audioForHearingImpaired audioInformation
                                displaysForVisuallyImpaired</AccessibilityInfoFacilityList>
                            <PassengerInformationEquipmentList>timetablePoster</PassengerInformationEquipmentList>
                            <PassengerInformationFacilityList>passengerInformationDisplay
                                realTimeConnections</PassengerInformationFacilityList>
                        </SiteFacilitySet>
                    </siteFacilitySets>
                </SiteFrame>

            </frames>
        </CompositeFrame>
    </dataObjects>
</PublicationDelivery>
